﻿<?xml version="1.0"?>
<doc>
<assembly>
<name>
WindowsApp2
</name>
</assembly>
<members>
<member name="T:WindowsApp2.My.Resources.Resources">
<summary>
  Eine stark typisierte Ressourcenklasse zum Suchen von lokalisierten Zeichenfolgen usw.
</summary>
</member>
<member name="P:WindowsApp2.My.Resources.Resources.ResourceManager">
<summary>
  Gibt die zwischengespeicherte ResourceManager-Instanz zurück, die von dieser Klasse verwendet wird.
</summary>
</member>
<member name="P:WindowsApp2.My.Resources.Resources.Culture">
<summary>
  Überschreibt die CurrentUICulture-Eigenschaft des aktuellen Threads für alle
  Ressourcenzuordnungen, die diese stark typisierte Ressourcenklasse verwenden.
</summary>
</member>
<member name="F:WindowsApp2.Form1._inipath">
 <summary>
 Create a New INI file to store or load data
 </summary>
</member>
<member name="M:WindowsApp2.Form1.IniWriteValue(System.String,System.String,System.String)">
 <summary>
 Write Data to the INI File
 </summary>
 <PARAM name="Section"></PARAM>
 Section name
 <PARAM name="Key"></PARAM>
 Key Name
 <PARAM name="Value"></PARAM>
 Value Name
</member>
<member name="M:WindowsApp2.Form1.IniReadValue(System.String,System.String)">
 <summary>
 Read Data Value From the Ini File
 </summary>
 <PARAM name="Section"></PARAM>
 <PARAM name="Key"></PARAM>
 <PARAM name="Path"></PARAM>
 <returns></returns>
</member>
<member name="M:WindowsApp2.Form1.GetHttpContentWithToken(System.String,System.String)">
 <summary>
Perform an HTTP Get request To a URL Using an HTTP Authorization header
</summary>
<param name = "url" > The URL</param>
<param name = "token" > The token</param>
<returns>String containing the results Of the Get operation</returns>
</member>
<member name="M:WindowsApp2.Form1.DisplayBasicTokenInfo(Microsoft.Identity.Client.AuthenticationResult)">
 <summary>
 Display basic information contained in the token
 </summary>
</member>
<member name="M:WindowsApp2.Form1.signout">
 <summary>
 Sign out the current user
 </summary>
</member>
</members>
</doc>
